<?xml version="1.0" encoding="UTF-8"?>

<COMPONENT> 
  <HEADER AUTHOR="Adrien Mogenet" COMPATIBILITY="ALL" DATA_AUTO_PROPAGATE="false" PLATEFORM="ALL" RELEASE_DATE="20100401A" SERIAL="" STARTABLE="true" STATUS="ALPHA" VERSION="0.1"> 
    <SIGNATURE/> 
  </HEADER>  
  <FAMILIES> 
    <FAMILY>NoSQL/MongoDB</FAMILY>
  </FAMILIES>  
  <DOCUMENTATION> 
    <URL/> 
  </DOCUMENTATION>  
  <CONNECTORS>
  	<CONNECTOR CTYPE="SUBJOB_OK" MAX_INPUT="1" MAX_OUTPUT="1" MIN_INPUT="0" MIN_OUTPUT="0"/>
  	<CONNECTOR CTYPE="SUBJOB_ERROR" MAX_INPUT="1" MAX_OUTPUT="1" MIN_INPUT="0" MIN_OUTPUT="0"/> 
    <CONNECTOR CTYPE="COMPONENT_OK" MAX_INPUT="1" MAX_OUTPUT="1" MIN_INPUT="0" MIN_OUTPUT="0"/>
    <CONNECTOR CTYPE="COMPONENT_ERROR" MAX_INPUT="0" MAX_OUTPUT="1" MIN_INPUT="0" MIN_OUTPUT="0"/>  
    <CONNECTOR CTYPE="FLOW" MAX_INPUT="0" MAX_OUTPUT="0" MIN_INPUT="0" MIN_OUTPUT="0"/> 
  </CONNECTORS>  
  <PARAMETERS>
    <PARAMETER FIELD="TEXT" NAME="HOST" NUM_ROW="1" REQUIRED="true">
    	<DEFAULT>"localhost"</DEFAULT>
    </PARAMETER>
    <PARAMETER FIELD="TEXT" NAME="DATABASE" NUM_ROW="2" REQUIRED="true"/>
    <PARAMETER FIELD="TEXT" NAME="PORT" NUM_ROW="3">
    	<DEFAULT>27017</DEFAULT>
   	</PARAMETER>
   	<PARAMETER
      NAME="REQUIRED_AUTHENTICATION"
      FIELD="CHECK"
      NUM_ROW="4">
        <DEFAULT>false</DEFAULT>
  	</PARAMETER>
    <PARAMETER FIELD="TEXT" NAME="USERNAME" NUM_ROW="5" SHOW_IF="REQUIRED_AUTHENTICATION == 'true'"/>
    <PARAMETER FIELD="TEXT" NAME="PASSWORD" NUM_ROW="6" SHOW_IF="REQUIRED_AUTHENTICATION == 'true'"/>
  </PARAMETERS>  
  <ADVANCED_PARAMETERS></ADVANCED_PARAMETERS>  
  <CODEGENERATION> 
    <IMPORTS> 
      <IMPORT MODULE="mongo-1.3.jar" NAME="mongo-1.3" REQUIRED="true"/> 
    </IMPORTS> 
  </CODEGENERATION>  
  <RETURNS> 
    <RETURN AVAILABILITY="AFTER" NAME="NB_LINE" TYPE="id_Integer"/> 
  </RETURNS> 
</COMPONENT>
