<?xml version="1.0" encoding="UTF-8"?>

<COMPONENT> 
  <HEADER AUTHOR="Adrien Mogenet" COMPATIBILITY="ALL" DATA_AUTO_PROPAGATE="false" PLATEFORM="ALL" RELEASE_DATE="20100401A" SERIAL="" STARTABLE="true" STATUS="ALPHA" VERSION="0.1"> 
    <SIGNATURE/> 
  </HEADER>  
  <FAMILIES> 
    <FAMILY>NoSQL/MongoDB</FAMILY>
  </FAMILIES>  
  <DOCUMENTATION> 
    <URL/> 
  </DOCUMENTATION>  
  <CONNECTORS> 
    <CONNECTOR CTYPE="COMPONENT_OK" MAX_INPUT="1" MAX_OUTPUT="1" MIN_INPUT="0" MIN_OUTPUT="0"/>
    <CONNECTOR CTYPE="COMPONENT_ERROR" MAX_INPUT="1" MAX_OUTPUT="1" MIN_INPUT="0" MIN_OUTPUT="0"/>
    <CONNECTOR CTYPE="SUBJOB_OK" MAX_INPUT="1" MAX_OUTPUT="1" MIN_INPUT="0" MIN_OUTPUT="0"/>
    <CONNECTOR CTYPE="SUBJOB_ERROR" MAX_INPUT="1" MAX_OUTPUT="1" MIN_INPUT="0" MIN_OUTPUT="0"/>  
    <CONNECTOR CTYPE="FLOW" MAX_INPUT="0" MAX_OUTPUT="1" MIN_INPUT="0" MIN_OUTPUT="0"/> 
  </CONNECTORS>  
  <PARAMETERS>
    <PARAMETER
      NAME="USE_EXISTING_CONNECTION"
      FIELD="CHECK"
      NUM_ROW="1">
        <DEFAULT>false</DEFAULT>
  	</PARAMETER>
    <PARAMETER
      NAME="CONNECTION"
      FIELD="COMPONENT_LIST"
      FILTER="tMongoDBConnection"
      NUM_ROW="2"
      SHOW_IF="USE_EXISTING_CONNECTION == 'true'"/>
	<PARAMETER FIELD="TEXT" NAME="COLLECTION" REQUIRED="true" NUM_ROW="3"/>
	<PARAMETER FIELD="TEXT" NAME="QUERY" REQUIRED="true" NUM_ROW="4">
	   <DEFAULT>"{}"</DEFAULT>
	</PARAMETER>
	<PARAMETER FIELD="TEXT" NAME="SORT" NUM_ROW="5"/>
	<PARAMETER FIELD="TEXT" NAME="LIMIT" NUM_ROW="6"/>
    <PARAMETER
      NAME="SCHEMA_FLOW"
      FIELD="SCHEMA_TYPE"
      NUM_ROW="7">
      <DEFAULT>""</DEFAULT>
    </PARAMETER>
  </PARAMETERS>  
  <ADVANCED_PARAMETERS></ADVANCED_PARAMETERS>  
  <CODEGENERATION> 
    <IMPORTS> 
      <IMPORT MODULE="mongo-1.3.jar" NAME="mongo-1.3" REQUIRED="true"/> 
    </IMPORTS> 
  </CODEGENERATION>  
  <RETURNS> 
    <RETURN AVAILABILITY="AFTER" NAME="NB_LINE" TYPE="id_Integer"/> 
  </RETURNS> 
</COMPONENT>
